Top pages,Clicks,Impressions,CTR,Position
https://www.myskillcounsellor.com/,2,170,1.18%,8.22
https://www.myskillcounsellor.com/terms,0,5,0%,6.4
https://www.myskillcounsellor.com/testimonials,0,3,0%,3.67
https://www.myskillcounsellor.com/privacy,0,3,0%,4
https://www.myskillcounsellor.com/sop.html,0,3,0%,6
https://www.myskillcounsellor.com/payment-policy,0,3,0%,6.33
https://www.myskillcounsellor.com/blog,0,2,0%,3
https://www.myskillcounsellor.com/services,0,2,0%,3.5
https://www.myskillcounsellor.com/blog.html,0,2,0%,5.5
https://myskillcounsellor.com/scholarship.html,0,1,0%,2