Top queries,Clicks,Impressions,CTR,Position
study abroad consultant in noida,0,4,0%,53.25
career consultant noida,0,3,0%,7.67
career counselling,0,3,0%,10.33
career counselor near me,0,2,0%,1
college counsellor,0,2,0%,3.5
student career counselling,0,2,0%,4
career skill,0,2,0%,6.5
career counsellor in noida,0,2,0%,7
best career counsellor in noida,0,2,0%,7.5
education counsellor in noida,0,1,0%,1
justdial,0,1,0%,1
skill consultancy services,0,1,0%,1
education counselling,0,1,0%,2
educational counsellors,0,1,0%,2
student councellor,0,1,0%,2
student counselor,0,1,0%,2
student counsellor,0,1,0%,3
career counselor course,0,1,0%,5
course counsellor,0,1,0%,5
my counselor,0,1,0%,5
career counselling noida,0,1,0%,6
career counsellor for adults,0,1,0%,6
certified career counselor,0,1,0%,6
organisational counselling,0,1,0%,6
skill education,0,1,0%,6
skill for career,0,1,0%,6
counselling skill,0,1,0%,7
counselor skills,0,1,0%,7
scholarship form filling near me,0,1,0%,7
counselling of students,0,1,0%,8
harshita@myskillsversity.com,0,1,0%,8
career counsellor near me,0,1,0%,9
school counsellor,0,1,0%,9
skill career,0,1,0%,9
university counsellor,0,1,0%,9
school counselor vacancy near me,0,1,0%,10
my counsellor,0,1,0%,11
myskillsversity,0,1,0%,12
amrita dass career counsellor,0,1,0%,13
my edu counsellor,0,1,0%,13
study abroad consultants,0,1,0%,21
skillgun,0,1,0%,64